date,global_tilted_irradiance_forecast,temperature_2m_forecast,E_inverter_input_forecast,Price_forecast,PV_fault,Cyberattack_alert,Buy_percentage
2025-05-01 00:00:00+00:00,0.0,17.75,0.0,29.2,0,0,0.5
2025-05-01 00:15:00+00:00,0.0,17.75,0.0,29.2,0,0,0.5
2025-05-01 00:30:00+00:00,0.0,17.75,0.0,29.2,0,0,0.5
2025-05-01 00:45:00+00:00,0.0,17.75,0.0,29.2,0,0,0.5
2025-05-01 01:00:00+00:00,0.0,17.75,0.0,22.66,0,0,0.5
2025-05-01 01:15:00+00:00,0.0,17.75,0.0,22.66,0,0,0.5
2025-05-01 01:30:00+00:00,0.0,17.8,0.0,22.66,0,0,0.5
2025-05-01 01:45:00+00:00,0.0,17.8,0.0,22.66,0,0,0.5
2025-05-01 02:00:00+00:00,0.0,17.8,0.0,22.59,0,0,0.5
2025-05-01 02:15:00+00:00,0.0,17.75,0.0,22.59,0,0,0.5
2025-05-01 02:30:00+00:00,0.0,17.75,0.0,22.59,0,0,0.5
2025-05-01 02:45:00+00:00,0.0,17.7,0.0,22.59,0,0,0.5
2025-05-01 03:00:00+00:00,0.0,17.65,0.0,23.22,0,0,0.5
2025-05-01 03:15:00+00:00,0.0,17.65,0.0,23.22,0,0,0.5
2025-05-01 03:30:00+00:00,0.0,17.65,0.0,23.22,0,0,0.5
2025-05-01 03:45:00+00:00,0.0,17.65,0.0,23.22,0,0,0.5
2025-05-01 04:00:00+00:00,0.0,17.65,0.0,22.59,0,0,0.5
2025-05-01 04:15:00+00:00,0.0,17.65,0.0,22.59,0,0,0.5
2025-05-01 04:30:00+00:00,0.0,17.65,0.0,22.59,0,0,0.5
2025-05-01 04:45:00+00:00,7.999999,17.65,5508.014735294467,22.59,0,0,0.5
2025-05-01 05:00:00+00:00,30.999992,17.7,21347.952271612503,27.2,0,0,0.5
2025-05-01 05:15:00+00:00,65.99999,17.75,45459.847383910215,27.2,0,0,0.5
2025-05-01 05:30:00+00:00,110.999985,17.85,76486.69457290892,27.2,0,0,0.5
2025-05-01 05:45:00+00:00,159.00003,17.95,109607.17254882166,27.2,0,0,0.5
2025-05-01 06:00:00+00:00,207.99998,18.0,143414.9519943386,28.16,0,0,0.5
2025-05-01 06:15:00+00:00,257.0,18.0,177200.2221468724,28.16,0,0,0.5
2025-05-01 06:30:00+00:00,306.0,18.0,210985.47850950566,28.16,0,0,0.5
2025-05-01 06:45:00+00:00,358.0,18.0,246839.21995556547,28.16,0,1,0.5
2025-05-01 07:00:00+00:00,408.0,18.0,281313.9713460075,23.02,0,1,0.5
2025-05-01 07:15:00+00:00,458.0,18.0,315788.7227364496,23.02,0,1,0.5
2025-05-01 07:30:00+00:00,507.0,18.05,349645.90790136665,23.02,0,1,0.5
2025-05-01 07:45:00+00:00,555.0,18.05,382748.4790636262,23.02,0,0,0.5
2025-05-01 08:00:00+00:00,601.0,18.05,414471.7764274582,18.39,0,0,0.75
2025-05-01 08:15:00+00:00,645.0,18.05,444815.7999928628,18.39,0,0,0.75
2025-05-01 08:30:00+00:00,686.0,18.0,472993.5890768656,18.39,0,0,0.75
2025-05-01 08:45:00+00:00,726.0,17.95,500470.3915492626,18.39,0,0,0.75
2025-05-01 09:00:00+00:00,764.0,17.95,526665.8114926125,17.95,0,0,1.0
2025-05-01 09:15:00+00:00,798.0,17.95,550103.8188103465,17.95,0,0,1.0
2025-05-01 09:30:00+00:00,828.0,18.0,570901.8830257212,17.95,0,0,1.0
2025-05-01 09:45:00+00:00,856.0,18.0,590207.7438043688,17.95,0,0,1.0
2025-05-01 10:00:00+00:00,880.0,18.05,606880.4713080919,5.79,0,0,1.0
2025-05-01 10:15:00+00:00,900.0,18.05,620673.2092923669,5.79,0,0,1.0
2025-05-01 10:30:00+00:00,917.0,18.05,632397.0365790004,5.79,0,0,0.75
2025-05-01 10:45:00+00:00,930.0,18.1,641494.2566753351,5.79,0,0,0.75
2025-05-01 11:00:00+00:00,939.0,18.1,647702.2656109029,5.1,0,0,0.75
2025-05-01 11:15:00+00:00,945.0,18.1,651840.9382346147,5.1,0,0,0.75
2025-05-01 11:30:00+00:00,947.0,18.15,653354.8479962914,5.1,0,0,0.75
2025-05-01 11:45:00+00:00,944.0,18.2,651419.0126764453,5.1,0,0,0.75
2025-05-01 12:00:00+00:00,938.0,18.2,647278.6375958747,5.1,0,0,0.75
2025-05-01 12:15:00+00:00,927.0,18.2,639687.9499481617,5.1,0,0,0.75
2025-05-01 12:30:00+00:00,913.0,18.25,630156.6033528363,5.1,0,0,0.75
2025-05-01 12:45:00+00:00,895.0,18.25,617732.9244258363,5.1,0,0,0.75
2025-05-01 13:00:00+00:00,873.0,18.25,602548.4279595029,5.0,0,0,0.75
2025-05-01 13:15:00+00:00,847.0,18.25,584603.113953836,5.0,0,0,0.75
2025-05-01 13:30:00+00:00,819.0,18.25,565277.3911785027,5.0,0,0,0.75
2025-05-01 13:45:00+00:00,787.0,18.25,543190.8508638359,5.0,0,0,0.75
2025-05-01 14:00:00+00:00,753.0,18.25,519723.90177950246,4.89,0,0,0.75
2025-05-01 14:15:00+00:00,715.0,18.25,493496.1351558357,4.89,0,0,0.75
2025-05-01 14:30:00+00:00,674.0,18.3,465293.3767045708,4.89,0,0,0.75
2025-05-01 14:45:00+00:00,632.0,18.35,436388.4966704611,4.89,0,0,0.75
2025-05-01 15:00:00+00:00,587.0,18.35,405316.53092651995,4.68,0,0,0.75
2025-05-01 15:15:00+00:00,541.0,18.35,373554.07705493586,4.68,0,0,0.75
2025-05-01 15:30:00+00:00,492.0,18.35,339720.1588004223,4.68,0,0,0.75
2025-05-01 15:45:00+00:00,440.99997,18.35,304505.2435759786,4.68,0,0,0.75
2025-05-01 16:00:00+00:00,391.0,18.35,269980.8579084656,4.89,0,0,0.75
2025-05-01 16:15:00+00:00,339.0,18.35,234075.47527102262,4.89,0,0,0.75
2025-05-01 16:30:00+00:00,287.0,18.35,198170.09263357965,4.89,0,0,0.75
2025-05-01 16:45:00+00:00,236.0,18.35,162955.1981237798,4.89,0,0,0.75
2025-05-01 17:00:00+00:00,188.0,18.35,129811.7679969093,5.1,0,0,0.75
2025-05-01 17:15:00+00:00,141.00003,18.35,97358.84671232583,5.1,0,0,0.75
2025-05-01 17:30:00+00:00,97.000015,18.35,66977.35873870598,5.1,0,0,0.75
2025-05-01 17:45:00+00:00,57.0,18.35,39357.82327565868,5.1,0,0,0.75
2025-05-01 18:00:00+00:00,24.000002,18.35,16571.716444411486,7.5,0,0,1.0
2025-05-01 18:15:00+00:00,3.0000005,18.35,2071.4647281734674,7.5,0,0,1.0
2025-05-01 18:30:00+00:00,0.0,18.35,0.0,7.5,0,0,1.0
2025-05-01 18:45:00+00:00,0.0,18.35,0.0,7.5,0,0,1.0
2025-05-01 19:00:00+00:00,0.0,18.35,0.0,15.0,0,0,1.0
2025-05-01 19:15:00+00:00,0.0,18.35,0.0,15.0,0,0,1.0
2025-05-01 19:30:00+00:00,0.0,18.35,0.0,15.0,0,0,1.0
2025-05-01 19:45:00+00:00,0.0,18.3,0.0,15.0,0,0,1.0
2025-05-01 20:00:00+00:00,0.0,18.3,0.0,30.0,0,0,1.0
2025-05-01 20:15:00+00:00,0.0,18.25,0.0,30.0,0,0,1.0
2025-05-01 20:30:00+00:00,0.0,18.2,0.0,30.0,0,0,0.75
2025-05-01 20:45:00+00:00,0.0,18.2,0.0,30.0,0,0,0.75
2025-05-01 21:00:00+00:00,0.0,18.15,0.0,55.0,0,0,0.75
2025-05-01 21:15:00+00:00,0.0,18.15,0.0,55.0,0,0,0.75
2025-05-01 21:30:00+00:00,0.0,18.1,0.0,55.0,0,0,0.75
2025-05-01 21:45:00+00:00,0.0,18.1,0.0,55.0,1,0,0.75
2025-05-01 22:00:00+00:00,0.0,18.1,0.0,35.5,1,0,0.5
2025-05-01 22:15:00+00:00,0.0,18.1,0.0,35.5,1,0,0.5
2025-05-01 22:30:00+00:00,0.0,18.05,0.0,35.5,0,0,0.5
2025-05-01 22:45:00+00:00,0.0,18.05,0.0,35.5,0,0,0.5
2025-05-01 23:00:00+00:00,0.0,18.05,0.0,33.87,0,0,0.5
2025-05-01 23:15:00+00:00,0.0,18.1,0.0,33.87,0,0,0.5
2025-05-01 23:30:00+00:00,0.0,18.2,0.0,33.87,0,0,0.5
2025-05-01 23:45:00+00:00,0.0,18.25,0.0,33.87,0,0,0.5
2025-05-02 00:00:00+00:00,0.0,18.3,0.0,13.04,0,0,0.5
2025-05-02 00:15:00+00:00,0.0,18.3,0.0,13.04,0,0,0.5
2025-05-02 00:30:00+00:00,0.0,18.3,0.0,13.04,0,0,0.5
2025-05-02 00:45:00+00:00,0.0,18.25,0.0,13.04,0,0,0.5
2025-05-02 01:00:00+00:00,0.0,18.25,0.0,5.11,0,0,0.5
2025-05-02 01:15:00+00:00,0.0,18.25,0.0,5.11,0,0,0.5
2025-05-02 01:30:00+00:00,0.0,18.25,0.0,5.11,0,0,0.5
2025-05-02 01:45:00+00:00,0.0,18.25,0.0,5.11,0,0,0.5
2025-05-02 02:00:00+00:00,0.0,18.2,0.0,2.8,0,0,0.5
2025-05-02 02:15:00+00:00,0.0,18.1,0.0,2.8,0,0,0.5
2025-05-02 02:30:00+00:00,0.0,17.95,0.0,2.8,0,0,0.5
2025-05-02 02:45:00+00:00,0.0,17.85,0.0,2.8,0,0,0.5
2025-05-02 03:00:00+00:00,0.0,17.75,0.0,2.5,0,0,0.5
2025-05-02 03:15:00+00:00,0.0,17.75,0.0,2.5,0,0,0.5
2025-05-02 03:30:00+00:00,0.0,17.75,0.0,2.5,0,0,0.5
2025-05-02 03:45:00+00:00,0.0,17.8,0.0,2.5,0,0,0.5
2025-05-02 04:00:00+00:00,0.0,17.8,0.0,2.5,0,0,0.5
2025-05-02 04:15:00+00:00,0.0,17.8,0.0,2.5,0,0,0.5
2025-05-02 04:30:00+00:00,0.0,17.8,0.0,2.5,0,0,0.5
2025-05-02 04:45:00+00:00,10.000001,17.8,6889.276110820004,2.5,0,0,0.5
2025-05-02 05:00:00+00:00,33.000004,17.85,22739.293404884444,3.17,0,0,0.5
2025-05-02 05:15:00+00:00,68.999985,17.9,47555.56832676478,3.17,0,0,0.5
2025-05-02 05:30:00+00:00,114.99998,18.0,79291.9144081163,3.17,0,0,0.5
2025-05-02 05:45:00+00:00,163.00003,18.1,112433.96030420144,3.17,0,0,0.5
2025-05-02 06:00:00+00:00,210.99998,18.15,145573.24166855385,7.96,0,0,0.5
2025-05-02 06:15:00+00:00,259.0,18.2,178726.1909779654,7.96,0,0,0.5
2025-05-02 06:30:00+00:00,307.0,18.2,211849.1916225304,7.96,0,0,0.5
2025-05-02 06:45:00+00:00,358.0,18.2,247042.37980738073,7.96,0,0,0.5
2025-05-02 07:00:00+00:00,410.0,18.2,282925.63050565944,7.96,0,0,0.5
2025-05-02 07:15:00+00:00,462.00006,18.2,318808.9226076891,7.96,0,0,0.5
2025-05-02 07:30:00+00:00,513.0,18.25,354074.8494195017,7.96,0,0,0.5
2025-05-02 07:45:00+00:00,562.0,18.25,387894.8642763353,7.96,0,0,0.5
2025-05-02 08:00:00+00:00,609.0,18.3,420420.8700490855,14.0,0,0,0.75
2025-05-02 08:15:00+00:00,653.0,18.35,450888.74735096697,14.0,0,0,0.75
2025-05-02 08:30:00+00:00,695.0,18.45,480086.4499647881,14.0,0,0,0.75
2025-05-02 08:45:00+00:00,735.0,18.5,507821.60026550613,14.0,0,0,0.75
2025-05-02 09:00:00+00:00,772.0,18.55,533494.9334388277,13.95,0,0,1.0
2025-05-02 09:15:00+00:00,806.0,18.6,557105.1726421092,13.95,0,0,1.0
2025-05-02 09:30:00+00:00,837.0,18.6,578532.2946668058,13.95,0,0,1.0
2025-05-02 09:45:00+00:00,864.0,18.6,597194.6267528319,13.95,0,0,1.0
2025-05-02 10:00:00+00:00,888.0,18.6,613783.3663848548,14.95,0,0,1.0
2025-05-02 10:15:00+00:00,908.0,18.6,627607.3160782075,14.95,0,0,1.0
2025-05-02 10:30:00+00:00,925.0,18.65,639488.9043670886,14.95,0,0,0.75
2025-05-02 10:45:00+00:00,937.0,18.65,647784.9766399589,14.95,0,0,0.75
2025-05-02 11:00:00+00:00,945.0,18.7,653449.7599661687,11.0,0,0,0.75
2025-05-02 11:15:00+00:00,949.0,18.75,656350.3208393275,11.0,0,0,0.75
2025-05-02 11:30:00+00:00,950.0,18.8,657176.7217728638,11.0,0,0,0.75
2025-05-02 11:45:00+00:00,947.0,18.8,655101.426862002,11.0,0,0,0.75
2025-05-02 12:00:00+00:00,940.0,18.85,650392.4311905967,5.79,0,0,0.75
2025-05-02 12:15:00+00:00,931.0,18.9,644297.3518933282,5.79,0,0,0.75
2025-05-02 12:30:00+00:00,917.0,18.9,634608.6699099701,5.79,0,0,0.75
2025-05-02 12:45:00+00:00,899.0,18.95,622279.3354672277,5.79,0,0,0.75
2025-05-02 13:00:00+00:00,877.0,18.95,607051.1426081854,4.31,0,0,0.75
2025-05-02 13:15:00+00:00,851.0,18.95,589054.1874111354,4.31,0,0,0.75
2025-05-02 13:30:00+00:00,822.0,19.0,569097.2787554067,4.31,0,0,0.75
2025-05-02 13:45:00+00:00,789.0,19.0,546250.3077104816,4.31,0,0,0.75
2025-05-02 14:00:00+00:00,754.0,19.0,522018.6717537429,3.17,0,0,0.75
2025-05-02 14:15:00+00:00,716.0,19.0,495710.0384292836,3.17,0,0,0.75
2025-05-02 14:30:00+00:00,674.0,19.0,466632.0752811972,3.17,0,0,0.75
2025-05-02 14:45:00+00:00,631.0,19.0,436861.77967720386,3.17,0,0,0.75
2025-05-02 15:00:00+00:00,586.0,19.0,405706.81916139694,3.17,0,0,0.75
2025-05-02 15:15:00+00:00,539.0,19.0,373167.19373377645,3.17,0,0,0.75
2025-05-02 15:30:00+00:00,490.0,19.0,339242.9033943422,3.17,0,0,0.75
2025-05-02 15:45:00+00:00,441.0,19.0,305318.61305490794,3.17,0,0,0.75
2025-05-02 16:00:00+00:00,390.0,19.0,270009.65780366014,3.17,0,0,0.75
2025-05-02 16:15:00+00:00,339.0,19.0,234700.70255241223,3.17,0,0,0.75
2025-05-02 16:30:00+00:00,288.0,19.0,199391.7473011644,3.17,0,0,0.75
2025-05-02 16:45:00+00:00,236.00002,19.0,163390.47344065885,3.17,0,0,0.75
2025-05-02 17:00:00+00:00,187.0,19.0,129466.16925457549,4.31,0,0,0.75
2025-05-02 17:15:00+00:00,141.00003,19.0,97618.89705283543,4.31,0,0,0.75
2025-05-02 17:30:00+00:00,97.0,19.0,67156.2482229616,4.31,0,0,0.75
2025-05-02 17:45:00+00:00,58.0,19.0,40155.282442595606,4.31,0,0,0.75
2025-05-02 18:00:00+00:00,24.0,19.0,16615.978941763697,5.79,0,0,1.0
2025-05-02 18:15:00+00:00,2.9999998,19.0,2076.9972292539715,5.79,0,0,1.0
2025-05-02 18:30:00+00:00,0.0,19.0,0.0,5.79,0,0,1.0
2025-05-02 18:45:00+00:00,0.0,19.0,0.0,5.79,0,0,1.0
2025-05-02 19:00:00+00:00,0.0,19.0,0.0,15.29,0,0,1.0
2025-05-02 19:15:00+00:00,0.0,19.0,0.0,15.29,0,0,1.0
2025-05-02 19:30:00+00:00,0.0,19.0,0.0,15.29,0,0,1.0
2025-05-02 19:45:00+00:00,0.0,19.0,0.0,15.29,1,0,1.0
2025-05-02 20:00:00+00:00,0.0,18.95,0.0,35.01,1,0,1.0
2025-05-02 20:15:00+00:00,0.0,18.9,0.0,35.01,0,0,1.0
2025-05-02 20:30:00+00:00,0.0,18.8,0.0,35.01,0,0,0.75
2025-05-02 20:45:00+00:00,0.0,18.75,0.0,35.01,0,0,0.75
2025-05-02 21:00:00+00:00,0.0,18.7,0.0,63.62,0,0,0.75
2025-05-02 21:15:00+00:00,0.0,18.7,0.0,63.62,0,0,0.75
2025-05-02 21:30:00+00:00,0.0,18.7,0.0,63.62,0,0,0.75
2025-05-02 21:45:00+00:00,0.0,18.7,0.0,63.62,0,0,0.75
2025-05-02 22:00:00+00:00,0.0,18.7,0.0,52.05,0,0,0.5
2025-05-02 22:15:00+00:00,0.0,18.7,0.0,52.05,0,0,0.5
2025-05-02 22:30:00+00:00,0.0,18.7,0.0,52.05,0,0,0.5
2025-05-02 22:45:00+00:00,0.0,18.7,0.0,52.05,0,0,0.5
2025-05-02 23:00:00+00:00,0.0,18.7,0.0,41.05,0,0,0.5
2025-05-02 23:15:00+00:00,0.0,18.7,0.0,41.05,0,0,0.5
2025-05-02 23:30:00+00:00,0.0,18.75,0.0,41.05,0,0,0.5
2025-05-02 23:45:00+00:00,0.0,18.8,0.0,41.05,0,0,0.5
2025-05-03 00:00:00+00:00,0.0,18.8,0.0,36.13,0,0,0.5
2025-05-03 00:15:00+00:00,0.0,18.8,0.0,36.13,0,0,0.5
2025-05-03 00:30:00+00:00,0.0,18.8,0.0,36.13,0,0,0.5
2025-05-03 00:45:00+00:00,0.0,18.8,0.0,36.13,0,0,0.5
2025-05-03 01:00:00+00:00,0.0,18.8,0.0,26.0,0,0,0.5
2025-05-03 01:15:00+00:00,0.0,18.8,0.0,26.0,0,0,0.5
2025-05-03 01:30:00+00:00,0.0,18.85,0.0,26.0,0,0,0.5
2025-05-03 01:45:00+00:00,0.0,18.85,0.0,26.0,0,0,0.5
2025-05-03 02:00:00+00:00,0.0,18.85,0.0,16.16,0,0,0.5
2025-05-03 02:15:00+00:00,0.0,18.8,0.0,16.16,0,0,0.5
2025-05-03 02:30:00+00:00,0.0,18.8,0.0,16.16,0,0,0.5
2025-05-03 02:45:00+00:00,0.0,18.75,0.0,16.16,0,0,0.5
2025-05-03 03:00:00+00:00,0.0,18.7,0.0,13.89,0,0,0.5
2025-05-03 03:15:00+00:00,0.0,18.7,0.0,13.89,0,0,0.5
2025-05-03 03:30:00+00:00,0.0,18.7,0.0,13.89,0,0,0.5
2025-05-03 03:45:00+00:00,0.0,18.7,0.0,13.89,0,0,0.5
2025-05-03 04:00:00+00:00,0.0,18.7,0.0,13.37,0,0,0.5
2025-05-03 04:15:00+00:00,0.0,18.7,0.0,13.37,0,0,0.5
2025-05-03 04:30:00+00:00,0.0,18.7,0.0,13.37,0,0,0.5
2025-05-03 04:45:00+00:00,10.000001,18.7,6914.812966255499,13.37,0,0,0.5
2025-05-03 05:00:00+00:00,32.000004,18.7,22127.40204520258,15.17,0,0,0.5
2025-05-03 05:15:00+00:00,61.000008,18.75,42189.014564806675,15.17,0,0,0.5
2025-05-03 05:30:00+00:00,99.99999,18.8,69176.4901110728,15.17,0,0,0.5
2025-05-03 05:45:00+00:00,140.99998,18.85,97558.85084045265,15.17,0,0,0.5
2025-05-03 06:00:00+00:00,184.0,18.9,127336.96320985223,16.91,0,0,0.5
2025-05-03 06:15:00+00:00,229.00003,18.9,158479.17606067966,16.91,0,0,0.5
2025-05-03 06:30:00+00:00,275.0,18.9,190313.3961016813,16.91,0,0,0.5
2025-05-03 06:45:00+00:00,319.99997,18.9,221455.56742958596,16.91,0,0,0.5
2025-05-03 07:00:00+00:00,362.0,18.9,250521.63414112228,14.13,0,0,0.5
2025-05-03 07:15:00+00:00,401.0,18.9,277511.5339519062,14.13,0,0,0.5
2025-05-03 07:30:00+00:00,439.0,18.95,303871.6665963437,14.13,0,0,0.5
2025-05-03 07:45:00+00:00,478.0,18.95,330867.0993919187,14.13,0,0,0.5
2025-05-03 08:00:00+00:00,515.0,18.95,356478.1510184898,12.67,0,0,0.75
2025-05-03 08:15:00+00:00,553.0,18.9,382702.9383426537,12.67,0,0,0.75
2025-05-03 08:30:00+00:00,591.0,18.9,409000.78944034054,12.67,0,0,0.75
2025-05-03 08:45:00+00:00,633.0,18.85,437977.0307911145,12.67,0,0,0.75
2025-05-03 09:00:00+00:00,683.0,18.8,472475.47470617463,5.7,0,0,1.0
2025-05-03 09:15:00+00:00,734.0,18.8,507755.48819082306,5.7,0,0,1.0
2025-05-03 09:30:00+00:00,781.0,18.8,540268.4417943227,5.7,0,0,1.0
2025-05-03 09:45:00+00:00,816.0,18.85,564595.9828207731,5.7,0,0,1.0
2025-05-03 10:00:00+00:00,844.0,18.85,583969.3743881527,4.31,0,0,1.0
2025-05-03 10:15:00+00:00,864.0,18.85,597807.5112219951,4.31,0,0,1.0
2025-05-03 10:30:00+00:00,876.0,18.85,606110.3933223006,4.31,0,0,0.75
2025-05-03 10:45:00+00:00,878.0,18.85,607494.207005685,4.31,0,0,0.75
2025-05-03 11:00:00+00:00,865.0,18.8,598376.6992984497,3.0,0,0,0.75
2025-05-03 11:15:00+00:00,844.0,18.7,583610.1559909486,3.0,0,0,0.75
2025-05-03 11:30:00+00:00,828.0,18.55,572194.0477815408,3.0,0,0,0.75
2025-05-03 11:45:00+00:00,825.0,18.4,569769.7492146277,3.0,0,0,0.75
2025-05-03 12:00:00+00:00,836.0,18.3,577129.470215165,4.31,0,0,0.75
2025-05-03 12:15:00+00:00,852.0,18.3,588175.0103149768,4.31,0,0,0.75
2025-05-03 12:30:00+00:00,859.0,18.35,593129.3016454525,4.31,0,0,0.75
2025-05-03 12:45:00+00:00,848.0,18.4,585654.2391927324,4.31,0,0,0.75
2025-05-03 13:00:00+00:00,826.0,18.45,570577.5649941223,4.7,0,0,0.75
2025-05-03 13:15:00+00:00,795.0,18.45,549163.6370100813,4.7,0,0,0.75
2025-05-03 13:30:00+00:00,758.0,18.45,523605.07780332275,4.7,0,0,0.75
2025-05-03 13:45:00+00:00,716.0,18.45,494592.6592442997,4.7,0,0,0.75
2025-05-03 14:00:00+00:00,665.0,18.45,459363.2938512001,4.31,0,0,0.75
2025-05-03 14:15:00+00:00,611.0,18.5,422148.29627513496,4.31,0,0,0.75
2025-05-03 14:30:00+00:00,564.0,18.55,389755.36588018,4.31,0,0,0.75
2025-05-03 14:45:00+00:00,526.0,18.6,363569.87693517306,4.31,0,0,0.75
2025-05-03 15:00:00+00:00,501.00003,18.65,346361.0381325173,0.98,0,0,0.75
2025-05-03 15:15:00+00:00,477.0,18.7,329836.5455067328,0.98,0,0,0.75
2025-05-03 15:30:00+00:00,447.99997,18.7,309783.5691654506,0.98,0,0,0.75
2025-05-03 15:45:00+00:00,406.99997,18.75,281490.5804964138,0.98,0,0,0.75
2025-05-03 16:00:00+00:00,360.00003,18.75,248984.33634633032,0.27,0,0,0.75
2025-05-03 16:15:00+00:00,311.0,18.8,215138.90575932697,0.27,0,0,0.75
2025-05-03 16:30:00+00:00,261.0,18.8,180550.65724496573,0.27,0,0,0.75
2025-05-03 16:45:00+00:00,213.0,18.85,147376.15728042243,0.27,0,0,0.75
2025-05-03 17:00:00+00:00,169.00002,18.85,116932.27008410581,4.31,0,0,0.75
2025-05-03 17:15:00+00:00,127.0,18.85,87872.16889489976,4.31,0,0,0.75
2025-05-03 17:30:00+00:00,87.000015,18.9,60208.248420171694,4.31,0,0,0.75
2025-05-03 17:45:00+00:00,52.000004,18.9,35986.53584924005,4.31,0,0,0.75
2025-05-03 18:00:00+00:00,22.000004,18.9,15225.074456329357,5.0,0,0,1.0
2025-05-03 18:15:00+00:00,3.999999,18.9,2768.1941603393784,5.0,0,0,1.0
2025-05-03 18:30:00+00:00,0.0,18.9,0.0,5.0,0,0,1.0
2025-05-03 18:45:00+00:00,0.0,18.9,0.0,5.0,0,0,1.0
2025-05-03 19:00:00+00:00,0.0,18.9,0.0,19.01,0,0,1.0
2025-05-03 19:15:00+00:00,0.0,18.9,0.0,19.01,0,0,1.0
2025-05-03 19:30:00+00:00,0.0,18.9,0.0,19.01,0,0,1.0
2025-05-03 19:45:00+00:00,0.0,18.9,0.0,19.01,0,0,1.0
2025-05-03 20:00:00+00:00,0.0,18.9,0.0,35.24,0,0,1.0
2025-05-03 20:15:00+00:00,0.0,18.9,0.0,35.24,0,0,1.0
2025-05-03 20:30:00+00:00,0.0,18.85,0.0,35.24,0,0,0.75
2025-05-03 20:45:00+00:00,0.0,18.8,0.0,35.24,0,0,0.75
2025-05-03 21:00:00+00:00,0.0,18.8,0.0,57.18,0,0,0.75
2025-05-03 21:15:00+00:00,0.0,18.8,0.0,57.18,0,0,0.75
2025-05-03 21:30:00+00:00,0.0,18.8,0.0,57.18,0,0,0.75
2025-05-03 21:45:00+00:00,0.0,18.8,0.0,57.18,0,0,0.75
2025-05-03 22:00:00+00:00,0.0,18.8,0.0,57.18,0,0,0.5
2025-05-03 22:15:00+00:00,0.0,18.8,0.0,57.18,0,0,0.5
2025-05-03 22:30:00+00:00,0.0,18.75,0.0,57.18,0,0,0.5
2025-05-03 22:45:00+00:00,0.0,18.75,0.0,57.18,0,0,0.5
2025-05-03 23:00:00+00:00,0.0,18.7,0.0,47.36,0,0,0.5
2025-05-03 23:15:00+00:00,0.0,18.65,0.0,47.36,0,0,0.5
2025-05-03 23:30:00+00:00,0.0,18.6,0.0,47.36,0,0,0.5
2025-05-03 23:45:00+00:00,0.0,18.55,0.0,47.36,0,0,0.5
2025-05-04 00:00:00+00:00,0.0,18.5,0.0,36.13,0,0,0.5
2025-05-04 00:15:00+00:00,0.0,18.5,0.0,36.13,0,0,0.5
2025-05-04 00:30:00+00:00,0.0,18.55,0.0,36.13,0,0,0.5
2025-05-04 00:45:00+00:00,0.0,18.6,0.0,36.13,0,0,0.5
2025-05-04 01:00:00+00:00,0.0,18.6,0.0,32.35,0,0,0.5
2025-05-04 01:15:00+00:00,0.0,18.6,0.0,32.35,0,0,0.5
2025-05-04 01:30:00+00:00,0.0,18.6,0.0,32.35,0,0,0.5
2025-05-04 01:45:00+00:00,0.0,18.6,0.0,32.35,0,0,0.5
2025-05-04 02:00:00+00:00,0.0,18.6,0.0,24.01,0,0,0.5
2025-05-04 02:15:00+00:00,0.0,18.6,0.0,24.01,0,0,0.5
2025-05-04 02:30:00+00:00,0.0,18.55,0.0,24.01,0,0,0.5
2025-05-04 02:45:00+00:00,0.0,18.5,0.0,24.01,0,0,0.5
2025-05-04 03:00:00+00:00,0.0,18.5,0.0,19.31,0,0,0.5
2025-05-04 03:15:00+00:00,0.0,18.5,0.0,19.31,0,0,0.5
2025-05-04 03:30:00+00:00,0.0,18.55,0.0,19.31,0,0,0.5
2025-05-04 03:45:00+00:00,0.0,18.6,0.0,19.31,0,0,0.5
2025-05-04 04:00:00+00:00,0.0,18.6,0.0,16.54,0,0,0.5
2025-05-04 04:15:00+00:00,0.0,18.6,0.0,16.54,0,0,0.5
2025-05-04 04:30:00+00:00,0.0,18.55,0.0,16.54,0,0,0.5
2025-05-04 04:45:00+00:00,4.0,18.55,2764.2224530509216,16.54,0,0,0.5
2025-05-04 05:00:00+00:00,11.0,18.5,7600.0511604361445,15.58,0,0,0.5
2025-05-04 05:15:00+00:00,24.0,18.45,16578.52489087038,15.58,0,0,0.5
2025-05-04 05:30:00+00:00,40.0,18.4,27625.19996192134,15.58,0,0,0.5
2025-05-04 05:45:00+00:00,56.0,18.3,38659.39034934119,15.58,0,0,0.5
2025-05-04 06:00:00+00:00,72.0,18.3,49704.93044915296,13.62,0,0,0.5
2025-05-04 06:15:00+00:00,89.0,18.35,61453.443360238976,13.62,0,0,0.5
2025-05-04 06:30:00+00:00,106.0,18.45,73221.81826801083,13.62,0,0,0.5
2025-05-04 06:45:00+00:00,123.0,18.5,84982.39024851327,13.62,0,0,0.5
2025-05-04 07:00:00+00:00,141.0,18.6,97458.84533813574,13.0,0,0,0.5
2025-05-04 07:15:00+00:00,158.0,18.65,109231.61825945946,13.0,0,0,0.5
2025-05-04 07:30:00+00:00,176.0,18.7,121700.69603602718,13.0,0,0,0.5
2025-05-04 07:45:00+00:00,193.0,18.75,133483.25808428894,13.0,0,0,0.5
2025-05-04 08:00:00+00:00,209.0,18.75,144549.22766640614,20.93,0,0,0.75
2025-05-04 08:15:00+00:00,226.0,18.7,156274.75740989856,20.93,0,0,0.75
2025-05-04 08:30:00+00:00,244.0,18.65,168686.8028816969,20.93,0,0,0.75
2025-05-04 08:45:00+00:00,270.0,18.55,186585.0155809372,20.93,0,0,0.75
2025-05-04 09:00:00+00:00,306.0,18.5,211419.6050084964,20.93,0,0,1.0
2025-05-04 09:15:00+00:00,344.0,18.5,237674.32719909394,20.93,0,0,1.0
2025-05-04 09:30:00+00:00,377.0,18.5,260474.48068040243,20.93,0,0,1.0
2025-05-04 09:45:00+00:00,393.0,18.55,271584.85601225303,20.93,0,0,1.0
2025-05-04 10:00:00+00:00,388.0,18.55,268129.5779459393,20.93,0,0,1.0
2025-05-04 10:15:00+00:00,375.0,18.55,259145.85497352388,20.93,0,0,1.0
2025-05-04 10:30:00+00:00,366.0,18.6,252978.2793883523,20.93,0,0,0.75
2025-05-04 10:45:00+00:00,375.0,18.6,259199.056750361,20.93,0,0,0.75
2025-05-04 11:00:00+00:00,399.0,18.6,275787.7963823841,20.93,0,0,0.75
2025-05-04 11:15:00+00:00,430.0,18.6,297214.9184070806,20.93,0,0,0.75
2025-05-04 11:30:00+00:00,461.0,18.6,318642.04043177713,20.93,0,0,0.75
2025-05-04 11:45:00+00:00,484.0,18.55,334470.9168191615,20.93,0,0,0.75
2025-05-04 12:00:00+00:00,503.0,18.55,347600.9734711534,20.93,0,0,0.75
2025-05-04 12:15:00+00:00,519.0,18.55,358657.86328335706,20.93,0,0,0.75
2025-05-04 12:30:00+00:00,531.0,18.6,367025.86435851123,20.93,0,0,0.75
2025-05-04 12:45:00+00:00,537.0,18.6,371173.049266517,20.93,0,0,0.75
2025-05-04 13:00:00+00:00,534.0,18.6,369099.4568125141,20.93,0,0,0.75
2025-05-04 13:15:00+00:00,528.0,18.55,364877.36380272167,20.93,0,0,0.75
2025-05-04 13:30:00+00:00,525.0,18.55,362804.19696293346,20.93,0,0,0.75
2025-05-04 13:45:00+00:00,532.0,18.5,367566.1106683663,20.93,0,0,0.75
2025-05-04 14:00:00+00:00,551.0,18.45,380615.30061956577,16.2,0,0,0.75
2025-05-04 14:15:00+00:00,567.0,18.45,391667.65054681274,16.2,0,0,0.75
2025-05-04 14:30:00+00:00,571.0,18.4,394349.7294564271,16.2,0,0,0.75
2025-05-04 14:45:00+00:00,554.0,18.4,382609.01947261055,16.2,0,0,0.75
2025-05-04 15:00:00+00:00,520.0,18.4,359127.59950497746,6.3,0,0,0.75
2025-05-04 15:15:00+00:00,478.0,18.4,330121.13954496005,6.3,0,0,0.75
2025-05-04 15:30:00+00:00,432.0,18.45,298413.4480356669,6.3,0,0,0.75
2025-05-04 15:45:00+00:00,386.99997,18.5,267383.5973715685,6.3,1,0,0.75
2025-05-04 16:00:00+00:00,341.0,18.5,235601.58597352044,6.09,1,0,0.75
2025-05-04 16:15:00+00:00,294.0,18.5,203128.6401062024,6.09,0,0,0.75
2025-05-04 16:30:00+00:00,246.99998,18.5,170655.6804206095,6.09,0,0,0.75
2025-05-04 16:45:00+00:00,203.0,18.5,140255.48959713973,6.09,0,0,0.75
2025-05-04 17:00:00+00:00,160.0,18.5,110546.19869725301,6.09,0,0,0.75
2025-05-04 17:15:00+00:00,121.00001,18.55,83617.7361153465,6.09,0,0,0.75
2025-05-04 17:30:00+00:00,84.999985,18.55,58739.71676149787,6.09,0,0,0.75
2025-05-04 17:45:00+00:00,51.000008,18.6,35251.07724762897,6.09,0,0,0.75
2025-05-04 18:00:00+00:00,22.000002,18.6,15206.346045082815,14.86,0,0,1.0
2025-05-04 18:15:00+00:00,4.0000005,18.55,2764.222798578728,14.86,0,0,1.0
2025-05-04 18:30:00+00:00,0.0,18.5,0.0,14.86,0,0,1.0
2025-05-04 18:45:00+00:00,0.0,18.4,0.0,14.86,0,0,1.0
2025-05-04 19:00:00+00:00,0.0,18.35,0.0,20.94,0,0,1.0
2025-05-04 19:15:00+00:00,0.0,18.35,0.0,20.94,0,0,1.0
2025-05-04 19:30:00+00:00,0.0,18.35,0.0,20.94,0,0,1.0
2025-05-04 19:45:00+00:00,0.0,18.35,0.0,20.94,0,0,1.0
2025-05-04 20:00:00+00:00,0.0,18.35,0.0,36.13,0,0,1.0
2025-05-04 20:15:00+00:00,0.0,18.35,0.0,36.13,0,0,1.0
2025-05-04 20:30:00+00:00,0.0,18.35,0.0,36.13,0,0,0.75
2025-05-04 20:45:00+00:00,0.0,18.35,0.0,36.13,0,0,0.75
2025-05-04 21:00:00+00:00,0.0,18.35,0.0,35.0,0,0,0.75
2025-05-04 21:15:00+00:00,0.0,18.35,0.0,35.0,0,0,0.75
2025-05-04 21:30:00+00:00,0.0,18.4,0.0,35.0,0,0,0.75
2025-05-04 21:45:00+00:00,0.0,18.4,0.0,35.0,0,0,0.75
2025-05-04 22:00:00+00:00,0.0,18.4,0.0,35.0,0,0,0.5
2025-05-04 22:15:00+00:00,0.0,18.4,0.0,35.0,0,0,0.5
2025-05-04 22:30:00+00:00,0.0,18.4,0.0,35.0,0,0,0.5
2025-05-04 22:45:00+00:00,0.0,18.35,0.0,35.0,0,0,0.5
2025-05-04 23:00:00+00:00,0.0,18.3,0.0,24.41,0,0,0.5
2025-05-04 23:15:00+00:00,0.0,18.2,0.0,24.41,0,0,0.5
2025-05-04 23:30:00+00:00,0.0,18.05,0.0,24.41,0,0,0.5
2025-05-04 23:45:00+00:00,0.0,17.95,0.0,24.41,0,0,0.5
2025-05-05 00:00:00+00:00,0.0,17.85,0.0,47.78,0,0,0.5
2025-05-05 00:15:00+00:00,0.0,17.8,0.0,47.78,0,0,0.5
2025-05-05 00:30:00+00:00,0.0,17.75,0.0,47.78,0,0,0.5
2025-05-05 00:45:00+00:00,0.0,17.75,0.0,47.78,0,0,0.5
2025-05-05 01:00:00+00:00,0.0,17.75,0.0,47.56,0,0,0.5
2025-05-05 01:15:00+00:00,0.0,17.75,0.0,47.56,0,0,0.5
2025-05-05 01:30:00+00:00,0.0,17.8,0.0,47.56,0,0,0.5
2025-05-05 01:45:00+00:00,0.0,17.8,0.0,47.56,0,0,0.5
2025-05-05 02:00:00+00:00,0.0,17.8,0.0,47.56,0,0,0.5
2025-05-05 02:15:00+00:00,0.0,17.75,0.0,47.56,0,0,0.5
2025-05-05 02:30:00+00:00,0.0,17.7,0.0,47.56,0,0,0.5
2025-05-05 02:45:00+00:00,0.0,17.65,0.0,47.56,0,0,0.5
2025-05-05 03:00:00+00:00,0.0,17.65,0.0,47.56,0,0,0.5
2025-05-05 03:15:00+00:00,0.0,17.65,0.0,47.56,0,0,0.5
2025-05-05 03:30:00+00:00,0.0,17.7,0.0,47.56,0,0,0.5
2025-05-05 03:45:00+00:00,0.0,17.75,0.0,47.56,0,0,0.5
2025-05-05 04:00:00+00:00,0.0,17.8,0.0,47.56,0,0,0.5
2025-05-05 04:15:00+00:00,0.0,17.8,0.0,47.56,0,0,0.5
2025-05-05 04:30:00+00:00,0.0,17.8,0.0,47.56,1,0,0.5
2025-05-05 04:45:00+00:00,11.0,17.85,7579.763549535597,47.56,1,0,0.5
2025-05-05 05:00:00+00:00,31.0,17.85,21361.1518214185,45.73,1,0,0.5
2025-05-05 05:15:00+00:00,59.0,17.9,40663.46581494361,45.73,0,0,0.5
2025-05-05 05:30:00+00:00,96.0,18.0,66191.52266964882,45.73,0,0,0.5
2025-05-05 05:45:00+00:00,136.0,18.05,93790.61829306876,45.73,0,0,0.5
2025-05-05 06:00:00+00:00,180.0,18.1,124160.17871135518,47.56,0,0,0.5
2025-05-05 06:15:00+00:00,229.0,18.1,157959.3384716685,47.56,0,1,0.5
2025-05-05 06:30:00+00:00,280.0,18.1,193138.0557732192,47.56,0,1,0.5
2025-05-05 06:45:00+00:00,329.00003,18.05,226890.56053042773,47.56,0,1,0.5
2025-05-05 07:00:00+00:00,375.0,18.05,258613.8372051528,35.0,0,0,0.5
2025-05-05 07:15:00+00:00,417.0,18.05,287578.58697213,35.0,0,0,0.5
2025-05-05 07:30:00+00:00,455.0,18.05,313784.7891422521,35.0,0,0,0.5
2025-05-05 07:45:00+00:00,487.0,18.1,335922.26129127765,35.0,0,0,0.5
2025-05-05 08:00:00+00:00,508.0,18.1,350407.6154742691,39.56,0,0,0.75
2025-05-05 08:15:00+00:00,523.0,18.1,360754.29703354876,39.56,0,0,0.75
2025-05-05 08:30:00+00:00,538.0,18.15,371177.305408664,39.56,0,0,0.75
2025-05-05 08:45:00+00:00,560.0,18.15,386355.55953318183,39.56,0,0,0.75
2025-05-05 09:00:00+00:00,590.0,18.15,407053.1787938879,47.56,0,0,1.0
2025-05-05 09:15:00+00:00,622.0,18.15,429130.6393386412,47.56,0,0,1.0
2025-05-05 09:30:00+00:00,653.0,18.2,450610.82126876985,47.56,0,0,1.0
2025-05-05 09:45:00+00:00,679.0,18.2,468552.4466179092,47.56,0,0,1.0
2025-05-05 10:00:00+00:00,701.0,18.2,483733.8219133349,45.43,0,0,1.0
2025-05-05 10:15:00+00:00,720.0,18.2,496845.0096684752,45.43,0,0,1.0
2025-05-05 10:30:00+00:00,739.0,18.25,510061.04039183585,45.43,0,0,0.75
2025-05-05 10:45:00+00:00,759.0,18.25,523865.1280885024,45.43,0,0,0.75
2025-05-05 11:00:00+00:00,780.0,18.25,538359.4201700026,62.73,0,0,0.75
2025-05-05 11:15:00+00:00,800.0,18.25,552163.5078666693,62.73,0,0,0.75
2025-05-05 11:30:00+00:00,818.0,18.3,564703.2376028767,62.73,0,0,0.75
2025-05-05 11:45:00+00:00,831.0,18.3,573677.7389339738,62.73,0,0,0.75
2025-05-05 12:00:00+00:00,840.0,18.3,579890.8552401179,47.6,0,0,0.75
2025-05-05 12:15:00+00:00,845.0,18.3,583342.586521309,47.6,0,0,0.75
2025-05-05 12:30:00+00:00,845.0,18.3,583342.586521309,47.6,0,0,0.75
2025-05-05 12:45:00+00:00,836.0,18.35,577248.0747096605,47.6,0,0,0.75
2025-05-05 13:00:00+00:00,821.0,18.35,566890.7527950135,47.56,0,0,0.75
2025-05-05 13:15:00+00:00,799.0,18.35,551700.0139868645,47.56,0,0,0.75
2025-05-05 13:30:00+00:00,775.0,18.35,535128.2989234292,47.56,0,0,0.75
2025-05-05 13:45:00+00:00,749.0,18.4,517281.869286977,47.56,0,0,0.75
2025-05-05 14:00:00+00:00,727.0,18.4,502088.0093079203,41.27,0,0,0.75
2025-05-05 14:15:00+00:00,700.0,18.45,483540.3093170527,41.27,0,0,0.75
2025-05-05 14:30:00+00:00,658.0,18.45,454527.8907580296,41.27,0,0,0.75
2025-05-05 14:45:00+00:00,595.0,18.5,411093.6764054096,41.27,0,0,0.75
2025-05-05 15:00:00+00:00,511.0,18.5,353056.92208935186,33.17,0,0,0.75
2025-05-05 15:15:00+00:00,424.0,18.5,292947.42654772045,33.17,0,0,0.75
2025-05-05 15:30:00+00:00,345.0,18.45,238316.29530626166,33.17,0,0,0.75
2025-05-05 15:45:00+00:00,284.0,18.4,196138.91972964152,33.17,0,0,0.75
2025-05-05 16:00:00+00:00,232.0,18.35,160193.24561320723,30.36,0,0,0.75
2025-05-05 16:15:00+00:00,189.0,18.3,130475.44242902652,30.36,0,0,0.75
2025-05-05 16:30:00+00:00,152.0,18.25,104911.06649466716,30.36,0,0,0.75
2025-05-05 16:45:00+00:00,123.0,18.25,84895.1393345004,30.36,0,0,0.75
2025-05-05 17:00:00+00:00,101.0,18.2,69696.31385627222,30.36,0,0,0.75
2025-05-05 17:15:00+00:00,81.0,18.15,55883.57200390665,30.36,0,0,0.75
2025-05-05 17:30:00+00:00,60.0,18.15,41395.238521412335,30.36,0,0,0.75
2025-05-05 17:45:00+00:00,38.0,18.1,26211.59328350832,30.36,0,0,0.75
2025-05-05 18:00:00+00:00,17.0,18.1,11726.23910051688,31.01,0,0,1.0
2025-05-05 18:15:00+00:00,3.0,18.1,2069.3363118559196,31.01,0,0,1.0
2025-05-05 18:30:00+00:00,0.0,18.15,0.0,31.01,0,0,1.0
2025-05-05 18:45:00+00:00,0.0,18.2,0.0,31.01,0,0,1.0
2025-05-05 19:00:00+00:00,0.0,18.2,0.0,47.56,0,0,1.0
2025-05-05 19:15:00+00:00,0.0,18.2,0.0,47.56,0,0,1.0
2025-05-05 19:30:00+00:00,0.0,18.2,0.0,47.56,0,0,1.0
2025-05-05 19:45:00+00:00,0.0,18.15,0.0,47.56,0,0,1.0
2025-05-05 20:00:00+00:00,0.0,18.15,0.0,43.23,0,0,1.0
2025-05-05 20:15:00+00:00,0.0,18.15,0.0,43.23,0,0,1.0
2025-05-05 20:30:00+00:00,0.0,18.1,0.0,43.23,0,0,0.75
2025-05-05 20:45:00+00:00,0.0,18.1,0.0,43.23,0,0,0.75
2025-05-05 21:00:00+00:00,0.0,18.1,0.0,47.56,0,0,0.75
2025-05-05 21:15:00+00:00,0.0,18.1,0.0,47.56,0,0,0.75
2025-05-05 21:30:00+00:00,0.0,18.1,0.0,47.56,0,0,0.75
2025-05-05 21:45:00+00:00,0.0,18.1,0.0,47.56,0,0,0.75
2025-05-05 22:00:00+00:00,0.0,18.1,0.0,47.56,0,0,0.5
2025-05-05 22:15:00+00:00,0.0,18.1,0.0,47.56,0,0,0.5
2025-05-05 22:30:00+00:00,0.0,18.05,0.0,47.56,0,0,0.5
2025-05-05 22:45:00+00:00,0.0,18.05,0.0,47.56,0,0,0.5
2025-05-05 23:00:00+00:00,0.0,18.05,0.0,45.73,0,0,0.5
2025-05-05 23:15:00+00:00,0.0,18.1,0.0,45.73,0,0,0.5
2025-05-05 23:30:00+00:00,0.0,18.15,0.0,45.73,0,0,0.5
2025-05-05 23:45:00+00:00,0.0,18.2,0.0,45.73,0,0,0.5
2025-05-06 00:00:00+00:00,0.0,18.2,0.0,47.78,0,0,0.5
2025-05-06 00:15:00+00:00,0.0,18.2,0.0,47.78,0,0,0.5
2025-05-06 00:30:00+00:00,0.0,18.2,0.0,47.78,0,0,0.5
2025-05-06 00:45:00+00:00,0.0,18.15,0.0,47.78,0,0,0.5
2025-05-06 01:00:00+00:00,0.0,18.1,0.0,62.76,0,0,0.5
2025-05-06 01:15:00+00:00,0.0,18.0,0.0,62.76,0,0,0.5
2025-05-06 01:30:00+00:00,0.0,17.9,0.0,62.76,0,0,0.5
2025-05-06 01:45:00+00:00,0.0,17.8,0.0,62.76,0,0,0.5
2025-05-06 02:00:00+00:00,0.0,17.75,0.0,51.33,0,0,0.5
2025-05-06 02:15:00+00:00,0.0,17.75,0.0,51.33,0,0,0.5
2025-05-06 02:30:00+00:00,0.0,17.8,0.0,51.33,0,0,0.5
2025-05-06 02:45:00+00:00,0.0,17.85,0.0,51.33,0,0,0.5
2025-05-06 03:00:00+00:00,0.0,17.85,0.0,47.78,0,0,0.5
2025-05-06 03:15:00+00:00,0.0,17.85,0.0,47.78,0,0,0.5
2025-05-06 03:30:00+00:00,0.0,17.8,0.0,47.78,0,0,0.5
2025-05-06 03:45:00+00:00,0.0,17.75,0.0,47.78,0,0,0.5
2025-05-06 04:00:00+00:00,0.0,17.7,0.0,47.78,0,0,0.5
2025-05-06 04:15:00+00:00,0.0,17.65,0.0,47.78,0,0,0.5
2025-05-06 04:30:00+00:00,1.0,17.6,688.3600565696506,47.78,0,0,0.5
2025-05-06 04:45:00+00:00,12.999999,17.5,8944.99139080177,47.78,0,0,0.5
2025-05-06 05:00:00+00:00,34.000004,17.5,23394.59742014024,36.0,0,0,0.5
2025-05-06 05:15:00+00:00,63.999992,17.55,44045.958344798615,36.0,0,0,0.5
2025-05-06 05:30:00+00:00,100.00001,17.6,68836.01254056563,36.0,0,0,0.5
2025-05-06 05:45:00+00:00,139.00002,17.65,95701.78175850093,36.0,0,0,0.5
2025-05-06 06:00:00+00:00,181.0,17.7,124644.52768768014,38.0,0,0,0.5
2025-05-06 06:15:00+00:00,223.0,17.7,153567.56726161696,38.0,0,0,0.5
2025-05-06 06:30:00+00:00,267.0,17.65,183830.01476920472,38.0,0,0,0.5
2025-05-06 06:45:00+00:00,315.0,17.6,216833.41781943993,38.0,0,0,0.5
2025-05-06 07:00:00+00:00,366.00003,17.6,251939.8013552938,39.0,0,0,0.5
2025-05-06 07:15:00+00:00,418.0,17.6,287734.50364611397,39.0,0,0,0.5
2025-05-06 07:30:00+00:00,469.0,17.6,322840.8665311662,39.0,0,0,0.5
2025-05-06 07:45:00+00:00,519.0,17.65,357332.5006187912,39.0,0,0,0.5
2025-05-06 08:00:00+00:00,566.0,17.7,389772.3904487678,38.0,0,0,0.75
2025-05-06 08:15:00+00:00,611.0,17.8,420934.7282776294,38.0,0,0,0.75
2025-05-06 08:30:00+00:00,653.0,17.9,450054.9691043758,38.0,0,0,0.75
2025-05-06 08:45:00+00:00,695.0,18.05,479297.64495355,38.0,0,0,0.75
2025-05-06 09:00:00+00:00,736.0,18.1,507677.17517531896,48.23,0,0,1.0
2025-05-06 09:15:00+00:00,775.0,18.1,534578.5472294458,48.23,0,1,1.0
2025-05-06 09:30:00+00:00,811.0,18.1,559410.582971717,48.23,0,0,1.0
2025-05-06 09:45:00+00:00,839.0,18.05,578605.3584403286,48.23,0,0,1.0
2025-05-06 10:00:00+00:00,863.0,18.0,595034.2089990306,47.78,0,0,1.0
2025-05-06 10:15:00+00:00,881.0,18.0,607445.1194995898,47.78,0,0,1.0
2025-05-06 10:30:00+00:00,897.0,17.95,618349.7812943369,47.78,0,0,0.75
2025-05-06 10:45:00+00:00,908.0,17.95,625932.6660147803,47.78,0,0,0.75
2025-05-06 11:00:00+00:00,918.0,18.0,632956.435528517,47.56,0,0,0.75
2025-05-06 11:15:00+00:00,923.0,18.1,636665.8052810048,47.56,0,0,0.75
2025-05-06 11:30:00+00:00,924.0,18.2,637617.7624078764,47.56,0,0,0.75
2025-05-06 11:45:00+00:00,921.0,18.3,635808.9019954151,47.56,0,0,0.75
2025-05-06 12:00:00+00:00,916.0,18.4,632617.0791279987,47.56,0,0,0.75
2025-05-06 12:15:00+00:00,906.0,18.45,625839.314630357,47.56,0,0,0.75
2025-05-06 12:30:00+00:00,892.0,18.4,616041.9591508459,47.56,0,0,0.75
2025-05-06 12:45:00+00:00,873.0,18.4,602919.9891689334,47.56,0,0,0.75
2025-05-06 13:00:00+00:00,852.0,18.4,588416.7591889246,43.23,0,0,0.75
2025-05-06 13:15:00+00:00,827.0,18.4,571151.0092127237,43.23,0,0,0.75
2025-05-06 13:30:00+00:00,794.0,18.45,548472.8651396283,43.23,0,0,0.75
2025-05-06 13:45:00+00:00,750.0,18.5,518185.30639337347,43.23,0,0,0.75
2025-05-06 14:00:00+00:00,693.0,18.5,478803.2231074772,43.23,0,0,0.75
2025-05-06 14:15:00+00:00,633.0,18.5,437348.3985960072,43.23,0,0,0.75
2025-05-06 14:30:00+00:00,580.0,18.55,400812.2556923835,43.23,0,0,0.75
2025-05-06 14:45:00+00:00,540.0,18.55,373170.0311618744,43.23,0,0,0.75
2025-05-06 15:00:00+00:00,514.0,18.55,355202.58521704347,47.56,0,0,0.75
2025-05-06 15:15:00+00:00,490.0,18.55,338617.2504987379,47.56,0,0,0.75
2025-05-06 15:30:00+00:00,459.0,18.55,317194.5264875932,47.56,0,0,0.75
2025-05-06 15:45:00+00:00,417.0,18.55,288170.1907305586,47.56,0,0,0.75
2025-05-06 16:00:00+00:00,366.0,18.55,252926.3544541593,47.56,0,0,0.75
2025-05-06 16:15:00+00:00,314.0,18.5,216946.91494335906,47.56,0,0,0.75
2025-05-06 16:30:00+00:00,264.0,18.5,182401.2278504675,47.56,0,0,0.75
2025-05-06 16:45:00+00:00,218.0,18.45,150588.2677587393,47.56,0,0,0.75
2025-05-06 17:00:00+00:00,178.0,18.4,122932.13983054996,48.23,0,0,0.75
2025-05-06 17:15:00+00:00,139.0,18.35,95977.8497423957,48.23,0,0,0.75
2025-05-06 17:30:00+00:00,99.999985,18.3,69034.61526862971,48.23,0,0,0.75
2025-05-06 17:45:00+00:00,62.000015,18.25,42792.682212732645,48.23,0,0,0.75
2025-05-06 18:00:00+00:00,28.000004,18.2,19321.753136246312,47.78,0,0,1.0
2025-05-06 18:15:00+00:00,6.0000014,18.2,4140.376046658146,47.78,0,0,1.0
2025-05-06 18:30:00+00:00,0.0,18.2,0.0,47.78,0,0,1.0
2025-05-06 18:45:00+00:00,0.0,18.2,0.0,47.78,0,0,1.0
2025-05-06 19:00:00+00:00,0.0,18.2,0.0,64.04,0,0,1.0
2025-05-06 19:15:00+00:00,0.0,18.2,0.0,64.04,0,0,1.0
2025-05-06 19:30:00+00:00,0.0,18.2,0.0,64.04,0,0,1.0
2025-05-06 19:45:00+00:00,0.0,18.2,0.0,64.04,0,0,1.0
2025-05-06 20:00:00+00:00,0.0,18.2,0.0,47.78,0,0,1.0
2025-05-06 20:15:00+00:00,0.0,18.15,0.0,47.78,0,0,1.0
2025-05-06 20:30:00+00:00,0.0,18.15,0.0,47.78,0,0,0.75
2025-05-06 20:45:00+00:00,0.0,18.1,0.0,47.78,0,0,0.75
2025-05-06 21:00:00+00:00,0.0,18.05,0.0,65.12,0,0,0.75
2025-05-06 21:15:00+00:00,0.0,18.05,0.0,65.12,0,0,0.75
2025-05-06 21:30:00+00:00,0.0,18.05,0.0,65.12,0,0,0.75
2025-05-06 21:45:00+00:00,0.0,18.0,0.0,65.12,0,0,0.75
2025-05-06 22:00:00+00:00,0.0,18.0,0.0,48.23,0,0,0.5
2025-05-06 22:15:00+00:00,0.0,17.95,0.0,48.23,0,0,0.5
2025-05-06 22:30:00+00:00,0.0,17.9,0.0,48.23,0,0,0.5
2025-05-06 22:45:00+00:00,0.0,17.9,0.0,48.23,0,0,0.5
2025-05-06 23:00:00+00:00,0.0,17.85,0.0,47.78,0,0,0.5
2025-05-06 23:15:00+00:00,0.0,17.85,0.0,47.78,0,0,0.5
2025-05-06 23:30:00+00:00,0.0,17.85,0.0,47.78,0,0,0.5
2025-05-06 23:45:00+00:00,0.0,17.9,0.0,47.78,0,0,0.5
2025-05-07 00:00:00+00:00,0.0,17.9,0.0,46.42,0,0,0.5
2025-05-07 00:15:00+00:00,0.0,17.9,0.0,46.42,0,0,0.5
2025-05-07 00:30:00+00:00,0.0,17.85,0.0,46.42,0,0,0.5
2025-05-07 00:45:00+00:00,0.0,17.8,0.0,46.42,0,0,0.5
2025-05-07 01:00:00+00:00,0.0,17.8,0.0,41.22,0,0,0.5
2025-05-07 01:15:00+00:00,0.0,17.8,0.0,41.22,0,0,0.5
2025-05-07 01:30:00+00:00,0.0,17.85,0.0,41.22,0,0,0.5
2025-05-07 01:45:00+00:00,0.0,17.85,0.0,41.22,0,0,0.5
2025-05-07 02:00:00+00:00,0.0,17.85,0.0,41.21,0,0,0.5
2025-05-07 02:15:00+00:00,0.0,17.8,0.0,41.21,0,0,0.5
2025-05-07 02:30:00+00:00,0.0,17.65,0.0,41.21,0,0,0.5
2025-05-07 02:45:00+00:00,0.0,17.55,0.0,41.21,0,0,0.5
2025-05-07 03:00:00+00:00,0.0,17.5,0.0,36.5,0,0,0.5
2025-05-07 03:15:00+00:00,0.0,17.5,0.0,36.5,0,0,0.5
2025-05-07 03:30:00+00:00,0.0,17.5,0.0,36.5,0,0,0.5
2025-05-07 03:45:00+00:00,0.0,17.55,0.0,36.5,0,0,0.5
2025-05-07 04:00:00+00:00,0.0,17.6,0.0,35.0,0,0,0.5
2025-05-07 04:15:00+00:00,0.0,17.6,0.0,35.0,0,0,0.5
2025-05-07 04:30:00+00:00,1.0,17.65,688.5019279745495,35.0,0,0,0.5
2025-05-07 04:45:00+00:00,14.999999,17.65,10327.528231116314,35.0,0,0,0.5
2025-05-07 05:00:00+00:00,36.999996,17.7,25479.817822464396,31.22,0,0,0.5
2025-05-07 05:15:00+00:00,66.0,17.75,45459.854271766926,31.22,0,0,0.5
2025-05-07 05:30:00+00:00,103.0,17.8,70959.53684549236,31.22,0,0,0.5
2025-05-07 05:45:00+00:00,142.0,17.85,97847.85673036861,31.22,0,0,0.5
2025-05-07 06:00:00+00:00,186.0,17.9,128193.2990098222,32.4,0,0,0.5
2025-05-07 06:15:00+00:00,233.99998,17.9,161275.42690555064,32.4,0,0,0.5
2025-05-07 06:30:00+00:00,284.0,17.85,195695.71346073723,32.4,0,0,0.5
2025-05-07 06:45:00+00:00,334.0,17.8,230101.79909120823,32.4,0,0,0.5
2025-05-07 07:00:00+00:00,385.0,17.75,265182.4832519737,49.1,0,0,0.5
2025-05-07 07:15:00+00:00,432.99997,17.7,298182.74447198724,49.1,0,0,0.5
2025-05-07 07:30:00+00:00,480.00003,17.65,330480.9460828416,49.1,0,0,0.5
2025-05-07 07:45:00+00:00,525.0,17.6,361389.0296990666,49.1,0,0,0.5
2025-05-07 08:00:00+00:00,564.0,17.6,388235.07190528297,43.23,0,0,0.75
2025-05-07 08:15:00+00:00,601.0,17.6,413704.39399835997,43.23,0,0,0.75
2025-05-07 08:30:00+00:00,635.0,17.65,437198.72426383884,43.23,0,0,0.75
2025-05-07 08:45:00+00:00,671.0,17.65,461984.7936709227,43.23,0,0,0.75
2025-05-07 09:00:00+00:00,707.0,17.7,486871.16616126994,41.22,0,0,1.0
2025-05-07 09:15:00+00:00,743.0,17.7,511662.34293893015,41.22,0,0,1.0
2025-05-07 09:30:00+00:00,773.0,17.75,532431.3235163004,41.22,0,0,1.0
2025-05-07 09:45:00+00:00,793.0,17.75,546207.0369319874,41.22,0,0,1.0
2025-05-07 10:00:00+00:00,802.0,17.75,552406.1079690466,45.29,0,0,1.0
2025-05-07 10:15:00+00:00,804.0,17.8,553897.7439201539,45.29,0,0,1.0
2025-05-07 10:30:00+00:00,807.0,17.8,555964.5265467217,45.29,0,0,0.75
2025-05-07 10:45:00+00:00,819.0,17.85,564347.8497336049,45.29,0,0,0.75
2025-05-07 11:00:00+00:00,840.0,17.85,578818.3074190819,41.22,0,0,0.75
2025-05-07 11:15:00+00:00,862.0,17.85,593977.8345181531,41.22,0,0,0.75
2025-05-07 11:30:00+00:00,877.0,17.8,604189.4544999689,41.22,0,0,0.75
2025-05-07 11:45:00+00:00,879.0,17.75,605442.6046194412,41.22,0,0,0.75
2025-05-07 12:00:00+00:00,865.0,17.75,595799.6052284604,41.22,0,0,0.75
2025-05-07 12:15:00+00:00,845.0,17.75,582023.8918127734,41.22,0,0,0.75
2025-05-07 12:30:00+00:00,826.0,17.8,569054.1498483173,41.22,0,0,0.75
2025-05-07 12:45:00+00:00,814.0,17.85,560902.502665634,41.22,0,0,0.75
2025-05-07 13:00:00+00:00,810.0,17.9,558261.1408492257,46.42,0,0,0.75
2025-05-07 13:15:00+00:00,805.0,17.95,554929.2909051742,46.42,0,0,0.75
2025-05-07 13:30:00+00:00,794.0,17.95,547346.4061847307,46.42,0,0,0.75
2025-05-07 13:45:00+00:00,772.0,18.0,532290.161468426,46.42,0,0,0.75
2025-05-07 14:00:00+00:00,742.0,18.05,511710.5792165958,46.42,0,0,0.75
2025-05-07 14:15:00+00:00,705.0,18.15,486394.0526265949,46.42,0,0,0.75
2025-05-07 14:30:00+00:00,666.0,18.25,459676.1202990022,46.42,0,0,0.75
2025-05-07 14:45:00+00:00,624.0,18.35,430864.59164931596,46.42,0,0,0.75
2025-05-07 15:00:00+00:00,580.0,18.4,400565.3994478594,46.42,0,0,0.75
2025-05-07 15:15:00+00:00,534.0,18.4,368796.41949164995,46.42,0,0,0.75
2025-05-07 15:30:00+00:00,486.0,18.4,335646.1795373443,46.42,0,0,0.75
2025-05-07 15:45:00+00:00,435.99994,18.4,301114.63814714266,46.42,0,0,0.75
2025-05-07 16:00:00+00:00,385.0,18.4,265892.54963349283,51.01,0,0,0.75
2025-05-07 16:15:00+00:00,333.0,18.45,230027.0328608265,51.01,0,1,0.75
2025-05-07 16:30:00+00:00,282.0,18.5,194837.67520390847,51.01,0,0,0.75
2025-05-07 16:45:00+00:00,233.00002,18.55,161015.97171132843,51.01,0,0,0.75
2025-05-07 17:00:00+00:00,187.99997,18.6,129945.10638158978,54.15,0,0,0.75
2025-05-07 17:15:00+00:00,144.99997,18.65,100244.1858903359,54.15,0,0,0.75
2025-05-07 17:30:00+00:00,103.00001,18.7,71222.57334498728,54.15,0,0,0.75
2025-05-07 17:45:00+00:00,63.00001,18.8,43581.200045744874,54.15,0,0,0.75
2025-05-07 18:00:00+00:00,30.000004,18.85,20757.208018391088,54.15,0,0,1.0
2025-05-07 18:15:00+00:00,7.0000005,18.9,4844.341337703517,54.15,0,0,1.0
2025-05-07 18:30:00+00:00,0.0,19.0,0.0,54.15,0,0,1.0
2025-05-07 18:45:00+00:00,0.0,19.05,0.0,54.15,0,0,1.0
2025-05-07 19:00:00+00:00,0.0,19.1,0.0,52.5,0,0,1.0
2025-05-07 19:15:00+00:00,0.0,19.1,0.0,52.5,0,0,1.0
2025-05-07 19:30:00+00:00,0.0,19.05,0.0,52.5,0,0,1.0
2025-05-07 19:45:00+00:00,0.0,19.0,0.0,52.5,0,0,1.0
2025-05-07 20:00:00+00:00,0.0,18.9,0.0,65.12,0,0,1.0
2025-05-07 20:15:00+00:00,0.0,18.75,0.0,65.12,0,0,1.0
2025-05-07 20:30:00+00:00,0.0,18.6,0.0,65.12,0,0,0.75
2025-05-07 20:45:00+00:00,0.0,18.45,0.0,65.12,0,0,0.75
2025-05-07 21:00:00+00:00,0.0,18.3,0.0,80.0,0,0,0.75
2025-05-07 21:15:00+00:00,0.0,18.2,0.0,80.0,0,0,0.75
2025-05-07 21:30:00+00:00,0.0,18.15,0.0,80.0,0,0,0.75
2025-05-07 21:45:00+00:00,0.0,18.15,0.0,80.0,0,0,0.75
2025-05-07 22:00:00+00:00,0.0,18.1,0.0,79.54,0,0,0.5
2025-05-07 22:15:00+00:00,0.0,18.05,0.0,79.54,0,0,0.5
2025-05-07 22:30:00+00:00,0.0,18.05,0.0,79.54,0,0,0.5
2025-05-07 22:45:00+00:00,0.0,18.0,0.0,79.54,0,0,0.5
2025-05-07 23:00:00+00:00,0.0,17.95,0.0,79.54,0,0,0.5
2025-05-07 23:15:00+00:00,0.0,17.9,0.0,79.54,0,0,0.5
2025-05-07 23:30:00+00:00,0.0,17.8,0.0,79.54,0,0,0.5
2025-05-07 23:45:00+00:00,0.0,17.7,0.0,79.54,0,0,0.5
2025-05-08 00:00:00+00:00,0.0,17.65,0.0,40.1,0,0,0.5
2025-05-08 00:15:00+00:00,0.0,17.6,0.0,40.1,0,0,0.5
2025-05-08 00:30:00+00:00,0.0,17.55,0.0,40.1,0,0,0.5
2025-05-08 00:45:00+00:00,0.0,17.5,0.0,40.1,0,0,0.5
2025-05-08 01:00:00+00:00,0.0,17.5,0.0,39.47,1,0,0.5
2025-05-08 01:15:00+00:00,0.0,17.5,0.0,39.47,1,0,0.5
2025-05-08 01:30:00+00:00,0.0,17.5,0.0,39.47,1,0,0.5
2025-05-08 01:45:00+00:00,0.0,17.5,0.0,39.47,0,0,0.5
2025-05-08 02:00:00+00:00,0.0,17.5,0.0,30.3,0,0,0.5
2025-05-08 02:15:00+00:00,0.0,17.45,0.0,30.3,0,0,0.5
2025-05-08 02:30:00+00:00,0.0,17.4,0.0,30.3,0,0,0.5
2025-05-08 02:45:00+00:00,0.0,17.35,0.0,30.3,0,0,0.5
2025-05-08 03:00:00+00:00,0.0,17.3,0.0,30.09,0,0,0.5
2025-05-08 03:15:00+00:00,0.0,17.25,0.0,30.09,0,0,0.5
2025-05-08 03:30:00+00:00,0.0,17.25,0.0,30.09,0,0,0.5
2025-05-08 03:45:00+00:00,0.0,17.25,0.0,30.09,0,0,0.5
2025-05-08 04:00:00+00:00,0.0,17.2,0.0,29.8,0,0,0.5
2025-05-08 04:15:00+00:00,0.0,17.15,0.0,29.8,0,0,0.5
2025-05-08 04:30:00+00:00,1.0,17.1,686.9413425206611,29.8,0,0,0.5
2025-05-08 04:45:00+00:00,16.999998,17.05,11675.589635369017,29.8,0,0,0.5
2025-05-08 05:00:00+00:00,40.999992,17.0,28152.95609488459,29.01,0,1,0.5
2025-05-08 05:15:00+00:00,76.0,17.0,52185.9775780256,29.01,0,1,0.5
2025-05-08 05:30:00+00:00,119.0,17.0,81712.25436559273,29.01,0,1,0.5
2025-05-08 05:45:00+00:00,160.0,17.0,109865.2159537381,29.01,0,0,0.5
2025-05-08 06:00:00+00:00,197.99998,17.0,135958.1910095989,30.09,0,0,0.5
2025-05-08 06:15:00+00:00,232.0,17.0,159304.56313292024,30.09,0,0,0.5
2025-05-08 06:30:00+00:00,264.0,16.95,181240.15227277458,30.09,0,0,0.5
2025-05-08 06:45:00+00:00,291.0,16.95,199776.0769370356,30.09,0,0,0.5
2025-05-08 07:00:00+00:00,310.0,16.9,212775.89563933027,45.29,0,0,0.5
2025-05-08 07:15:00+00:00,322.0,16.85,220966.69932976557,45.29,0,0,0.5
2025-05-08 07:30:00+00:00,335.0,16.8,229840.1882205746,45.29,0,0,0.5
2025-05-08 07:45:00+00:00,355.0,16.8,243561.99050239997,45.29,0,0,0.5
2025-05-08 08:00:00+00:00,384.0,16.8,263458.60381104675,40.0,0,0,0.75
2025-05-08 08:15:00+00:00,419.0,16.85,287531.2019228937,40.0,0,0,0.75
2025-05-08 08:30:00+00:00,454.0,17.0,311742.5502687319,40.0,0,0,0.75
2025-05-08 08:45:00+00:00,485.0,17.1,333166.55112252064,40.0,0,0,0.75
2025-05-08 09:00:00+00:00,514.0,17.2,353233.69385985594,45.29,0,0,1.0
2025-05-08 09:15:00+00:00,543.0,17.3,373317.2936801595,45.29,0,0,1.0
2025-05-08 09:30:00+00:00,571.0,17.35,392648.54944028397,45.29,0,0,1.0
2025-05-08 09:45:00+00:00,599.0,17.45,412072.73097061727,45.29,0,0,1.0
2025-05-08 10:00:00+00:00,628.0,17.5,432111.92504118744,61.69,0,0,1.0
2025-05-08 10:15:00+00:00,655.0,17.55,450782.9112829122,61.69,0,0,1.0
2025-05-08 10:30:00+00:00,682.0,17.6,469461.55858050165,61.69,0,0,0.75
2025-05-08 10:45:00+00:00,710.0,17.6,488735.64016445196,61.69,0,0,0.75
2025-05-08 11:00:00+00:00,740.0,17.65,509491.42670116655,59.2,0,0,0.75
2025-05-08 11:15:00+00:00,768.0,17.65,528769.480684454,59.2,0,0,0.75
2025-05-08 11:30:00+00:00,790.0,17.7,544028.6015097642,59.2,0,0,0.75
2025-05-08 11:45:00+00:00,799.0,17.7,550226.3957041792,59.2,0,0,0.75
2025-05-08 12:00:00+00:00,799.0,17.7,550226.3957041792,55.0,0,0,0.75
2025-05-08 12:15:00+00:00,791.0,17.7,544717.2453091436,55.0,0,0,0.75
2025-05-08 12:30:00+00:00,772.0,17.75,531742.5378455161,55.0,0,0,0.75
2025-05-08 12:45:00+00:00,741.0,17.75,510390.18205120135,55.0,0,0,0.75
2025-05-08 13:00:00+00:00,694.0,17.75,478017.25552433706,54.15,0,0,0.75
2025-05-08 13:15:00+00:00,639.0,17.75,440134.0436311979,54.15,0,0,0.75
2025-05-08 13:30:00+00:00,590.0,17.75,406383.5457627649,54.15,0,0,0.75
2025-05-08 13:45:00+00:00,556.0,17.75,382964.8329560971,54.15,0,0,0.75
2025-05-08 14:00:00+00:00,535.0,17.8,368576.23507124675,39.47,0,0,0.75
2025-05-08 14:15:00+00:00,517.0,17.85,356248.8868281731,39.47,0,0,0.75
2025-05-08 14:30:00+00:00,495.0,17.95,341229.81241995184,39.47,0,0,0.75
2025-05-08 14:45:00+00:00,461.0,18.05,317922.6105375346,39.47,0,0,0.75
2025-05-08 15:00:00+00:00,419.0,18.1,289017.30488921015,35.29,0,0,0.75
2025-05-08 15:15:00+00:00,375.0,18.1,258667.03898198993,35.29,0,0,0.75
2025-05-08 15:30:00+00:00,331.0,18.1,228316.7730747698,35.29,0,0,0.75
2025-05-08 15:45:00+00:00,288.0,18.1,198656.2859381683,35.29,0,0,0.75
2025-05-08 16:00:00+00:00,245.0,18.1,168995.7988015668,30.3,0,0,0.75
2025-05-08 16:15:00+00:00,204.0,18.1,140714.8692062025,30.3,0,0,0.75
2025-05-08 16:30:00+00:00,167.0,18.1,115193.05469331286,30.3,0,0,0.75
2025-05-08 16:45:00+00:00,136.0,18.05,93790.61829306876,30.3,0,0,0.75
2025-05-08 17:00:00+00:00,109.0,18.05,75170.42201429776,30.3,0,0,0.75
2025-05-08 17:15:00+00:00,85.0,18.05,58619.136433167965,30.3,0,0,0.75
2025-05-08 17:30:00+00:00,61.0,18.0,42059.196696339364,30.3,0,0,0.75
2025-05-08 17:45:00+00:00,38.0,18.0,26200.811056735998,30.3,0,0,0.75
2025-05-08 18:00:00+00:00,19.0,18.0,13100.405528367999,29.8,0,0,1.0
2025-05-08 18:15:00+00:00,5.0,18.0,3447.4751390442098,29.8,0,0,1.0
2025-05-08 18:30:00+00:00,0.0,18.0,0.0,29.8,0,0,1.0
2025-05-08 18:45:00+00:00,0.0,18.0,0.0,29.8,0,0,1.0
2025-05-08 19:00:00+00:00,0.0,18.0,0.0,30.09,0,0,1.0
2025-05-08 19:15:00+00:00,0.0,18.0,0.0,30.09,0,0,1.0
2025-05-08 19:30:00+00:00,0.0,17.95,0.0,30.09,0,0,1.0
2025-05-08 19:45:00+00:00,0.0,17.95,0.0,30.09,0,0,1.0
2025-05-08 20:00:00+00:00,0.0,17.95,0.0,40.0,0,0,1.0
2025-05-08 20:15:00+00:00,0.0,17.95,0.0,40.0,0,0,1.0
2025-05-08 20:30:00+00:00,0.0,18.0,0.0,40.0,0,0,0.75
2025-05-08 20:45:00+00:00,0.0,18.0,0.0,40.0,0,0,0.75
2025-05-08 21:00:00+00:00,0.0,18.0,0.0,79.59,0,0,0.75
2025-05-08 21:15:00+00:00,0.0,18.0,0.0,79.59,0,0,0.75
2025-05-08 21:30:00+00:00,0.0,18.0,0.0,79.59,0,0,0.75
2025-05-08 21:45:00+00:00,0.0,17.95,0.0,79.59,0,0,0.75
2025-05-08 22:00:00+00:00,0.0,17.95,0.0,54.15,0,0,0.5
2025-05-08 22:15:00+00:00,0.0,17.95,0.0,54.15,0,0,0.5
2025-05-08 22:30:00+00:00,0.0,17.95,0.0,54.15,0,0,0.5
2025-05-08 22:45:00+00:00,0.0,17.95,0.0,54.15,0,0,0.5
2025-05-08 23:00:00+00:00,0.0,17.9,0.0,46.21,0,0,0.5
2025-05-08 23:15:00+00:00,0.0,17.8,0.0,46.21,0,0,0.5
2025-05-08 23:30:00+00:00,0.0,17.6,0.0,46.21,0,0,0.5
2025-05-08 23:45:00+00:00,0.0,17.45,0.0,46.21,0,0,0.5
2025-05-09 00:00:00+00:00,0.0,17.35,0.0,31.27,0,0,0.5
2025-05-09 00:15:00+00:00,0.0,17.3,0.0,31.27,0,0,0.5
2025-05-09 00:30:00+00:00,0.0,17.3,0.0,31.27,0,0,0.5
2025-05-09 00:45:00+00:00,0.0,17.35,0.0,31.27,0,0,0.5
2025-05-09 01:00:00+00:00,0.0,17.35,0.0,30.09,0,0,0.5
2025-05-09 01:15:00+00:00,0.0,17.35,0.0,30.09,0,0,0.5
2025-05-09 01:30:00+00:00,0.0,17.35,0.0,30.09,0,0,0.5
2025-05-09 01:45:00+00:00,0.0,17.3,0.0,30.09,0,0,0.5
2025-05-09 02:00:00+00:00,0.0,17.3,0.0,29.41,0,0,0.5
2025-05-09 02:15:00+00:00,0.0,17.25,0.0,29.41,0,0,0.5
2025-05-09 02:30:00+00:00,0.0,17.2,0.0,29.41,0,0,0.5
2025-05-09 02:45:00+00:00,0.0,17.15,0.0,29.41,0,0,0.5
2025-05-09 03:00:00+00:00,0.0,17.1,0.0,25.36,0,0,0.5
2025-05-09 03:15:00+00:00,0.0,17.1,0.0,25.36,0,0,0.5
2025-05-09 03:30:00+00:00,0.0,17.1,0.0,25.36,0,0,0.5
2025-05-09 03:45:00+00:00,0.0,17.15,0.0,25.36,0,0,0.5
2025-05-09 04:00:00+00:00,0.0,17.15,0.0,25.36,0,0,0.5
2025-05-09 04:15:00+00:00,0.0,17.15,0.0,25.36,0,0,0.5
2025-05-09 04:30:00+00:00,2.0,17.15,1374.1664278511203,25.36,0,0,0.5
2025-05-09 04:45:00+00:00,20.000002,17.15,13741.665652677631,25.36,0,1,0.5
2025-05-09 05:00:00+00:00,45.0,17.15,30918.7446266502,25.36,0,1,0.5
2025-05-09 05:15:00+00:00,80.0,17.15,54966.6571140448,25.36,0,0,0.5
2025-05-09 05:30:00+00:00,122.99999,17.1,84493.77826062789,25.36,0,0,0.5
2025-05-09 05:45:00+00:00,166.99998,17.05,114695.49794034284,25.36,0,0,0.5
2025-05-09 06:00:00+00:00,209.99997,17.05,144227.8683303259,30.26,0,0,0.5
2025-05-09 06:15:00+00:00,254.00002,17.05,174447.079399393,30.26,0,0,0.5
2025-05-09 06:30:00+00:00,298.0,17.05,204666.2423924971,30.26,0,0,0.5
2025-05-09 06:45:00+00:00,344.0,17.1,236307.8218271074,30.26,0,0,0.5
2025-05-09 07:00:00+00:00,393.00003,17.1,269967.9682188601,39.37,0,0,0.5
2025-05-09 07:15:00+00:00,441.99997,17.1,303628.052785892,39.37,0,0,0.5
2025-05-09 07:30:00+00:00,490.0,17.1,336601.257835124,39.37,0,0,0.5
2025-05-09 07:45:00+00:00,537.0,17.15,368963.6858780258,39.37,0,0,0.5
2025-05-09 08:00:00+00:00,582.0,17.15,399882.43050467595,30.58,0,0,0.75
2025-05-09 08:15:00+00:00,626.0,17.2,430202.9034168673,30.58,0,0,0.75
2025-05-09 08:30:00+00:00,667.0,17.2,458379.13191541616,30.58,0,0,0.75
2025-05-09 08:45:00+00:00,707.0,17.25,485968.438411898,30.58,0,0,0.75
2025-05-09 09:00:00+00:00,745.0,17.3,512194.07696449134,35.56,0,0,1.0
2025-05-09 09:15:00+00:00,780.0,17.3,536256.8859494004,35.56,0,0,1.0
2025-05-09 09:30:00+00:00,811.0,17.35,557684.7173311213,35.56,0,0,1.0
2025-05-09 09:45:00+00:00,839.0,17.35,576938.9369183857,35.56,0,0,1.0
2025-05-09 10:00:00+00:00,861.0,17.35,592067.2523083792,30.3,0,0,1.0
2025-05-09 10:15:00+00:00,879.0,17.35,604444.964900192,30.3,0,0,1.0
2025-05-09 10:30:00+00:00,894.0,17.35,614759.7253933692,30.3,0,0,0.75
2025-05-09 10:45:00+00:00,905.0,17.4,622452.2767097995,30.3,0,0,0.75
2025-05-09 11:00:00+00:00,915.0,17.45,629460.0147547827,30.09,0,0,0.75
2025-05-09 11:15:00+00:00,921.0,17.6,633979.6121006482,30.09,0,0,0.75
2025-05-09 11:30:00+00:00,923.0,17.85,636011.068747396,30.09,0,0,0.75
2025-05-09 11:45:00+00:00,921.0,18.05,635155.5841758555,30.09,0,0,0.75
2025-05-09 12:00:00+00:00,916.0,18.2,632097.262300449,35.56,0,0,0.75
2025-05-09 12:15:00+00:00,908.0,18.25,626705.5814286696,35.56,0,0,0.75
2025-05-09 12:30:00+00:00,896.0,18.2,618296.0120318802,35.56,0,0,0.75
2025-05-09 12:45:00+00:00,879.0,18.2,606564.9493035969,35.56,0,0,0.75
2025-05-09 13:00:00+00:00,858.0,18.15,591951.9108561963,30.26,0,0,0.75
2025-05-09 13:15:00+00:00,833.0,18.15,574703.894805608,30.26,0,0,0.75
2025-05-09 13:30:00+00:00,806.0,18.15,556076.0374709723,30.26,0,0,0.75
2025-05-09 13:45:00+00:00,774.0,18.15,533998.576926219,30.26,0,0,0.75
2025-05-09 14:00:00+00:00,741.0,18.15,511231.19573944237,30.09,0,0,0.75
2025-05-09 14:15:00+00:00,705.0,18.15,486394.0526265949,30.09,0,0,0.75
2025-05-09 14:30:00+00:00,665.0,18.2,458891.5714299111,30.09,0,0,0.75
2025-05-09 14:45:00+00:00,623.0,18.2,429908.9458659167,30.09,0,0,0.75
2025-05-09 15:00:00+00:00,579.0,18.2,399546.19527506543,30.09,0,0,0.75
2025-05-09 15:15:00+00:00,534.0,18.2,368493.3821707858,30.09,0,0,0.75
2025-05-09 15:30:00+00:00,487.0,18.15,335991.35266546346,30.09,0,0,0.75
2025-05-09 15:45:00+00:00,438.0,18.15,302185.24120631005,30.09,0,0,0.75
2025-05-09 16:00:00+00:00,390.0,18.1,269013.7205412696,29.41,0,0,0.75
2025-05-09 16:15:00+00:00,341.0,18.1,235214.56078095618,29.41,0,0,0.75
2025-05-09 16:30:00+00:00,291.0,18.1,200725.6222500242,29.41,0,0,0.75
2025-05-09 16:45:00+00:00,241.0,18.05,166202.49271051158,29.41,0,0,0.75
2025-05-09 17:00:00+00:00,195.99998,18.05,135168.81845315523,29.01,0,0,0.75
2025-05-09 17:15:00+00:00,151.0,18.05,104135.17178127487,29.01,0,0,0.75
2025-05-09 17:30:00+00:00,107.99999,18.0,74465.45610840466,29.01,0,0,0.75
2025-05-09 17:45:00+00:00,66.999985,17.95,46186.65113876683,29.01,0,0,0.75
2025-05-09 18:00:00+00:00,31.0,17.95,21369.947848522235,30.01,0,0,1.0
2025-05-09 18:15:00+00:00,7.999999,17.95,5514.8245618783885,30.01,0,0,1.0
2025-05-09 18:30:00+00:00,0.0,17.9,0.0,30.01,0,0,1.0
2025-05-09 18:45:00+00:00,0.0,17.9,0.0,30.01,0,0,1.0
2025-05-09 19:00:00+00:00,0.0,17.9,0.0,30.09,0,0,1.0
2025-05-09 19:15:00+00:00,0.0,17.9,0.0,30.09,0,0,1.0
2025-05-09 19:30:00+00:00,0.0,17.9,0.0,30.09,0,0,1.0
2025-05-09 19:45:00+00:00,0.0,17.9,0.0,30.09,0,0,1.0
2025-05-09 20:00:00+00:00,0.0,17.9,0.0,41.92,0,0,1.0
2025-05-09 20:15:00+00:00,0.0,17.9,0.0,41.92,0,0,1.0
2025-05-09 20:30:00+00:00,0.0,17.95,0.0,41.92,0,0,0.75
2025-05-09 20:45:00+00:00,0.0,17.95,0.0,41.92,0,0,0.75
2025-05-09 21:00:00+00:00,0.0,17.95,0.0,80.27,0,0,0.75
2025-05-09 21:15:00+00:00,0.0,17.95,0.0,80.27,0,0,0.75
2025-05-09 21:30:00+00:00,0.0,17.95,0.0,80.27,0,0,0.75
2025-05-09 21:45:00+00:00,0.0,17.9,0.0,80.27,0,0,0.75
2025-05-09 22:00:00+00:00,0.0,17.9,0.0,57.64,0,0,0.5
2025-05-09 22:15:00+00:00,0.0,17.9,0.0,57.64,0,0,0.5
2025-05-09 22:30:00+00:00,0.0,17.85,0.0,57.64,0,0,0.5
2025-05-09 22:45:00+00:00,0.0,17.85,0.0,57.64,0,0,0.5
2025-05-09 23:00:00+00:00,0.0,17.9,0.0,39.76,0,0,0.5
2025-05-09 23:15:00+00:00,0.0,18.0,0.0,39.76,0,0,0.5
2025-05-09 23:30:00+00:00,0.0,18.1,0.0,39.76,0,0,0.5
2025-05-09 23:45:00+00:00,0.0,18.25,0.0,39.76,0,0,0.5
2025-05-10 00:00:00+00:00,0.0,18.3,0.0,29.22,0,0,0.5
